{
  "specific_metrics": {
    "gde": [
      25.0,
      8.0,
      78.0,
      19.0,
      18.0,
      94.0,
      21.0,
      30.0,
      46.0,
      110.0,
      96.0,
      47.0,
      62.0,
      73.0,
      7.0,
      92.0,
      55.0,
      16.0,
      11.0,
      36.0,
      33.0,
      31.0,
      19.0,
      26.0,
      8.0,
      52.0,
      245.0,
      31.0,
      29.0,
      16.0,
      61.0,
      34.0,
      37.0,
      26.0,
      147.0,
      78.0,
      228.0,
      35.0,
      71.0,
      34.0,
      119.0,
      64.0,
      16.0,
      139.0,
      17.0
    ],
    "p": [
      0.47368421052631576,
      0.8888888888888888,
      0.4411764705882353,
      0.7692307692307693,
      0.8421052631578947,
      0.43333333333333335,
      0.6923076923076923,
      0.5555555555555556,
      0.8125,
      0.7222222222222222,
      0.5555555555555556,
      0.723404255319149,
      0.7435897435897436,
      0.7804878048780488,
      0.8888888888888888,
      0.6458333333333334,
      0.7058823529411765,
      0.6153846153846154,
      0.8,
      0.5806451612903226,
      0.7692307692307693,
      0.7666666666666667,
      0.6666666666666666,
      0.9,
      0.8888888888888888,
      0.68,
      0.6746031746031746,
      0.7391304347826086,
      0.78125,
      0.7058823529411765,
      0.6,
      0.72,
      0.7575757575757576,
      0.64,
      0.7402597402597403,
      0.5897435897435898,
      0.7777777777777778,
      0.6818181818181818,
      0.6060606060606061,
      0.8333333333333334,
      0.40816326530612246,
      0.4782608695652174,
      0.7619047619047619,
      0.8596491228070176,
      0.75
    ],
    "r": [
      0.6428571428571429,
      1.0,
      0.625,
      1.0,
      0.9411764705882353,
      0.5,
      0.9,
      0.7894736842105263,
      0.7428571428571429,
      0.8666666666666667,
      0.6451612903225806,
      0.9444444444444444,
      0.8285714285714286,
      0.8,
      1.0,
      0.7948717948717948,
      0.8275862068965517,
      1.0,
      1.0,
      0.8181818181818182,
      0.8695652173913043,
      0.8214285714285714,
      0.9090909090909091,
      0.8181818181818182,
      0.8,
      0.8947368421052632,
      0.85,
      0.8947368421052632,
      0.9615384615384616,
      1.0,
      0.9473684210526315,
      0.8181818181818182,
      0.9259259259259259,
      0.8421052631578947,
      0.8028169014084507,
      0.8846153846153846,
      0.6237623762376238,
      0.7894736842105263,
      0.7692307692307693,
      0.9615384615384616,
      0.7692307692307693,
      0.5,
      0.9411764705882353,
      0.6621621621621622,
      0.8333333333333334
    ],
    "f1": [
      0.5454545454545454,
      0.9411764705882353,
      0.5172413793103449,
      0.8695652173913044,
      0.8888888888888888,
      0.4642857142857143,
      0.7826086956521738,
      0.6521739130434783,
      0.7761194029850748,
      0.7878787878787877,
      0.5970149253731343,
      0.8192771084337349,
      0.7837837837837838,
      0.7901234567901235,
      0.9411764705882353,
      0.7126436781609194,
      0.7619047619047619,
      0.761904761904762,
      0.888888888888889,
      0.679245283018868,
      0.8163265306122449,
      0.793103448275862,
      0.7692307692307692,
      0.8571428571428572,
      0.8421052631578948,
      0.7727272727272727,
      0.7522123893805311,
      0.8095238095238095,
      0.8620689655172413,
      0.8275862068965517,
      0.7346938775510204,
      0.7659574468085107,
      0.8333333333333334,
      0.7272727272727272,
      0.7702702702702703,
      0.7076923076923076,
      0.6923076923076923,
      0.7317073170731707,
      0.6779661016949152,
      0.8928571428571429,
      0.5333333333333333,
      0.4888888888888889,
      0.8421052631578947,
      0.7480916030534351,
      0.7894736842105262
    ],
    "f2": [
      0.6,
      0.9756097560975611,
      0.576923076923077,
      0.9433962264150945,
      0.9195402298850573,
      0.4850746268656717,
      0.8490566037735849,
      0.7281553398058253,
      0.7558139534883721,
      0.8333333333333334,
      0.6249999999999999,
      0.8900523560209425,
      0.8100558659217877,
      0.7960199004975125,
      0.9756097560975611,
      0.7598039215686274,
      0.8,
      0.888888888888889,
      0.9523809523809523,
      0.7563025210084033,
      0.847457627118644,
      0.8098591549295774,
      0.8474576271186439,
      0.8333333333333335,
      0.816326530612245,
      0.8415841584158416,
      0.8079847908745248,
      0.8585858585858586,
      0.9191176470588235,
      0.9230769230769231,
      0.8490566037735849,
      0.7964601769911503,
      0.8865248226950355,
      0.792079207920792,
      0.7894736842105264,
      0.8041958041958042,
      0.6494845360824741,
      0.7653061224489796,
      0.7299270072992701,
      0.9328358208955224,
      0.6535947712418301,
      0.4954954954954955,
      0.8988764044943819,
      0.6940509915014164,
      0.8152173913043478
    ]
  },
  "generic_metrics": {
    "gde": [
      47.0,
      22.0,
      90.0,
      38.0,
      25.0,
      105.0,
      42.0,
      22.0,
      57.0,
      177.0,
      82.0,
      69.0,
      71.0,
      87.0,
      23.0,
      73.0,
      74.0,
      16.0,
      22.0,
      45.0,
      49.0,
      68.0,
      10.0,
      54.0,
      13.0,
      46.0,
      299.0,
      31.0,
      48.0,
      31.0,
      58.0,
      75.0,
      44.0,
      26.0,
      257.0,
      92.0,
      261.0,
      29.0,
      81.0,
      89.0,
      111.0,
      78.0,
      21.0,
      196.0,
      37.0
    ],
    "p": [
      0.3939393939393939,
      0.5833333333333334,
      0.4489795918367347,
      0.4090909090909091,
      0.6521739130434783,
      0.41379310344827586,
      0.6206896551724138,
      0.72,
      0.7941176470588235,
      0.49382716049382713,
      0.5510204081632653,
      0.717391304347826,
      0.5652173913043478,
      0.74,
      0.5333333333333333,
      0.6744186046511628,
      0.6046511627906976,
      0.5714285714285714,
      0.5333333333333333,
      0.6285714285714286,
      0.5588235294117647,
      0.5263157894736842,
      0.7857142857142857,
      0.6071428571428571,
      0.6153846153846154,
      0.6521739130434783,
      0.5849056603773585,
      0.6818181818181818,
      0.6388888888888888,
      0.55,
      0.5757575757575758,
      0.43902439024390244,
      0.6857142857142857,
      0.76,
      0.4552238805970149,
      0.5102040816326531,
      0.6068965517241379,
      0.76,
      0.5681818181818182,
      0.4791666666666667,
      0.4,
      0.43902439024390244,
      0.7,
      0.6153846153846154,
      0.72
    ],
    "r": [
      0.9285714285714286,
      0.875,
      0.9166666666666666,
      0.9,
      0.8823529411764706,
      0.9230769230769231,
      0.9,
      0.9473684210526315,
      0.7714285714285715,
      0.8888888888888888,
      0.8709677419354839,
      0.9166666666666666,
      0.7428571428571429,
      0.925,
      1.0,
      0.7435897435897436,
      0.896551724137931,
      1.0,
      1.0,
      1.0,
      0.8260869565217391,
      0.7142857142857143,
      1.0,
      0.7727272727272727,
      0.8,
      0.7894736842105263,
      0.93,
      0.7894736842105263,
      0.8846153846153846,
      0.9166666666666666,
      1.0,
      0.8181818181818182,
      0.8888888888888888,
      1.0,
      0.8591549295774648,
      0.9615384615384616,
      0.8712871287128713,
      1.0,
      0.9615384615384616,
      0.8846153846153846,
      0.9230769230769231,
      0.8181818181818182,
      0.8235294117647058,
      0.8648648648648649,
      1.0
    ],